iter	Logloss	Logloss:use_weights=true	Logloss:use_weights=false
0	0.6923190062	0.6923190062	0.6923528752
20	0.6769927161	0.6769927161	0.6773830853
40	0.662491502	0.662491502	0.6630722952
60	0.6484857455	0.6484857455	0.6493636617
80	0.6350719376	0.6350719376	0.6362212791
100	0.6218974388	0.6218974388	0.6232742469
120	0.6094734094	0.6094734094	0.6110058253
140	0.5975963517	0.5975963517	0.59932336
160	0.5858931269	0.5858931269	0.5877697389
180	0.5747447608	0.5747447608	0.5767662632
200	0.564199854	0.564199854	0.5662441528
220	0.5539116643	0.5539116643	0.5560211312
240	0.544236242	0.544236242	0.5463690974
260	0.5349506205	0.5349506205	0.5371603442
280	0.525627376	0.525627376	0.5279184326
300	0.5169899067	0.5169899067	0.5193321574
320	0.5089173855	0.5089173855	0.5112983961
340	0.5010185553	0.5010185553	0.5033823471
360	0.4933713262	0.4933713262	0.4957234179
380	0.4859592495	0.4859592495	0.4883062135
400	0.4789542397	0.4789542397	0.4812303986
420	0.4721508093	0.4721508093	0.4744054982
440	0.4656600153	0.4656600153	0.4679289504
460	0.4595487548	0.4595487548	0.4618131188
480	0.4535218706	0.4535218706	0.4557438985
500	0.4478218336	0.4478218336	0.4500175834
520	0.4422545605	0.4422545605	0.4443924963
540	0.4368495031	0.4368495031	0.4389810914
560	0.431628688	0.431628688	0.4337042149
580	0.4265439408	0.4265439408	0.4285784933
600	0.4216920366	0.4216920366	0.4237098916
620	0.4172064145	0.4172064145	0.4191531684
640	0.4126716942	0.4126716942	0.4145715289
660	0.4084617606	0.4084617606	0.4103313264
680	0.4044394443	0.4044394443	0.4062801268
700	0.4005002609	0.4005002609	0.4022753489
720	0.3965696395	0.3965696395	0.3982817028
740	0.3928048219	0.3928048219	0.3944835493
760	0.3891471534	0.3891471534	0.3907645022
780	0.3856701035	0.3856701035	0.3872169314
800	0.3821784165	0.3821784165	0.3836830503
820	0.3788433319	0.3788433319	0.3802900688
840	0.3755495296	0.3755495296	0.3769295352
860	0.3724759583	0.3724759583	0.3737820917
880	0.369340286	0.369340286	0.3705926554
900	0.3663896732	0.3663896732	0.3676014354
920	0.363528517	0.363528517	0.3646838744
940	0.3608531308	0.3608531308	0.3619411292
960	0.3582541984	0.3582541984	0.359263493
980	0.3556372895	0.3556372895	0.3565792725
1000	0.3531144201	0.3531144201	0.3540197275
1020	0.3507378149	0.3507378149	0.3515912057
1040	0.3482543093	0.3482543093	0.3490441189
1060	0.3457800762	0.3457800762	0.3464959425
1080	0.343502733	0.343502733	0.3441527799
1100	0.3413224492	0.3413224492	0.341897345
1120	0.3391961308	0.3391961308	0.3397329299
1140	0.3370179786	0.3370179786	0.337504898
1160	0.3348775204	0.3348775204	0.3353021612
1180	0.332889437	0.332889437	0.3332734587
1200	0.3308984759	0.3308984759	0.3312181348
1220	0.3290056755	0.3290056755	0.3292821337
1240	0.3270262251	0.3270262251	0.3272296045
1260	0.3251660384	0.3251660384	0.3253320436
1280	0.3234417774	0.3234417774	0.3235678504
1300	0.3217040518	0.3217040518	0.3217725121
1320	0.3201036731	0.3201036731	0.3201321183
1340	0.3184256681	0.3184256681	0.3184111258
1360	0.3167578949	0.3167578949	0.3166887833
1380	0.3151924036	0.3151924036	0.3150581002
1400	0.313654481	0.313654481	0.3134641518
1420	0.3121095953	0.3121095953	0.3118630743
1440	0.3105928468	0.3105928468	0.3103024028
1460	0.309123953	0.309123953	0.3087787266
1480	0.3076232626	0.3076232626	0.3072466186
1500	0.3061924891	0.3061924891	0.3057545376
1520	0.3048036729	0.3048036729	0.3043241312
1540	0.3033905207	0.3033905207	0.3028611822
1560	0.3019914372	0.3019914372	0.3014147177
1580	0.300584893	0.300584893	0.2999541846
1600	0.2992445709	0.2992445709	0.2985708631
1620	0.2979754092	0.2979754092	0.2972797694
1640	0.2967094448	0.2967094448	0.2959785387
1660	0.2954232301	0.2954232301	0.2946445997
1680	0.2941805004	0.2941805004	0.2933570823
1700	0.2929451957	0.2929451957	0.2920763625
1720	0.2916769043	0.2916769043	0.2907554973
1740	0.2904987446	0.2904987446	0.2895414022
1760	0.2893455958	0.2893455958	0.2883611523
1780	0.288171504	0.288171504	0.2871518888
1800	0.2870059741	0.2870059741	0.2859402569
1820	0.2859111249	0.2859111249	0.2848033024
1840	0.2847538727	0.2847538727	0.2836111392
1860	0.2836642637	0.2836642637	0.2824856718
1880	0.2826378926	0.2826378926	0.2814256448
1900	0.2815792985	0.2815792985	0.280331891
1920	0.2805557517	0.2805557517	0.2792710114
1940	0.2794922017	0.2794922017	0.2781791524
1960	0.2784222391	0.2784222391	0.2770923619
1980	0.2774159761	0.2774159761	0.276059359
2000	0.2764420248	0.2764420248	0.2750522671
2020	0.2754989109	0.2754989109	0.2740946523
2040	0.2745724057	0.2745724057	0.2731441665
2060	0.2735931254	0.2735931254	0.2721370746
2080	0.2726497628	0.2726497628	0.2711769492
2100	0.2717024034	0.2717024034	0.2702040815
2120	0.2707625757	0.2707625757	0.2692550641
2140	0.2698579373	0.2698579373	0.2683347051
2160	0.2690080814	0.2690080814	0.2674744339
2180	0.2681631281	0.2681631281	0.2666144469
2200	0.2672914054	0.2672914054	0.2657255173
2220	0.2664245321	0.2664245321	0.264840851
2240	0.2655465922	0.2655465922	0.2639408844
2260	0.264717857	0.264717857	0.263104961
2280	0.2638495449	0.2638495449	0.2622222841
2300	0.262974003	0.262974003	0.2613290676
2320	0.2621675254	0.2621675254	0.2605113576
2340	0.261402028	0.261402028	0.2597393825
2360	0.2605568794	0.2605568794	0.2588848903
2380	0.259703453	0.259703453	0.258025898
2400	0.2589016471	0.2589016471	0.2572103907
2420	0.2581175692	0.2581175692	0.2564234469
2440	0.2573338643	0.2573338643	0.255632311
2460	0.2565290209	0.2565290209	0.254814222
2480	0.2557919805	0.2557919805	0.2540726578
2500	0.2550296983	0.2550296983	0.2533044249
2520	0.2543197827	0.2543197827	0.2525909507
2540	0.2535811792	0.2535811792	0.2518473497
2560	0.2528753669	0.2528753669	0.2511338991
2580	0.2521270645	0.2521270645	0.2503766558
2600	0.2513870399	0.2513870399	0.2496333391
2620	0.2506719019	0.2506719019	0.248912191
2640	0.2499636738	0.2499636738	0.2482014879
2660	0.2492808296	0.2492808296	0.2475152983
2680	0.2486065475	0.2486065475	0.2468438406
2700	0.2478970582	0.2478970582	0.2461344875
2720	0.2472078903	0.2472078903	0.2454392741
2740	0.2465447636	0.2465447636	0.2447813402
2760	0.2458634649	0.2458634649	0.2440990823
2780	0.2452128614	0.2452128614	0.2434532512
2800	0.2445264823	0.2445264823	0.2427680327
2820	0.2438318965	0.2438318965	0.2420729614
2840	0.2431750225	0.2431750225	0.2414169933
2860	0.2424912902	0.2424912902	0.2407356117
2880	0.2418328708	0.2418328708	0.2400806621
2900	0.2412054308	0.2412054308	0.2394603867
2920	0.2405845633	0.2405845633	0.2388407745
2940	0.2399199089	0.2399199089	0.2381749062
2960	0.239328511	0.239328511	0.2375887366
2980	0.2387067908	0.2387067908	0.2369667323
3000	0.2380978958	0.2380978958	0.2363628703
3020	0.2374913101	0.2374913101	0.2357572556
3040	0.2368878508	0.2368878508	0.2351603569
3060	0.2362903067	0.2362903067	0.234566774
3080	0.2357168142	0.2357168142	0.2340058048
3100	0.2350942414	0.2350942414	0.2333859084
3120	0.2345176759	0.2345176759	0.2328140205
3140	0.2339177159	0.2339177159	0.2322148955
3160	0.2333912078	0.2333912078	0.2316933374
3180	0.2327996144	0.2327996144	0.231109702
3200	0.2321592782	0.2321592782	0.2304702184
3220	0.2315621959	0.2315621959	0.2298783882
3240	0.2310017418	0.2310017418	0.2293263955
3260	0.2304026345	0.2304026345	0.2287311783
3280	0.2298268506	0.2298268506	0.2281592195
3300	0.2291816827	0.2291816827	0.2275218675
3320	0.2286479626	0.2286479626	0.2269947909
3340	0.2280500632	0.2280500632	0.2264018238
3360	0.2274679555	0.2274679555	0.2258258623
3380	0.226898975	0.226898975	0.2252688247
3400	0.2263374906	0.2263374906	0.2247149845
3420	0.2257890801	0.2257890801	0.2241717314
3440	0.2252535659	0.2252535659	0.2236455311
3460	0.2247477521	0.2247477521	0.2231499787
3480	0.2241925916	0.2241925916	0.2226003544
3500	0.2236506648	0.2236506648	0.2220652251
3520	0.2230926798	0.2230926798	0.2215095375
3540	0.222566296	0.222566296	0.2209888557
3560	0.2220025734	0.2220025734	0.2204367446
3580	0.2214443753	0.2214443753	0.2198802991
3600	0.220931847	0.220931847	0.2193733781
3620	0.2204077369	0.2204077369	0.2188644676
3640	0.2198862558	0.2198862558	0.218352407
3660	0.2193657161	0.2193657161	0.2178388306
3680	0.2188586589	0.2188586589	0.2173428992
3700	0.2183138011	0.2183138011	0.2168062778
3720	0.2177884831	0.2177884831	0.2162949041
3740	0.2172619927	0.2172619927	0.2157725407
3760	0.2167819715	0.2167819715	0.2153048177
3780	0.2162640963	0.2162640963	0.2148004546
3800	0.2157528825	0.2157528825	0.2143009469
3820	0.2152581531	0.2152581531	0.2138215473
3840	0.2147719324	0.2147719324	0.2133432373
3860	0.2142869019	0.2142869019	0.2128665852
3880	0.2137812835	0.2137812835	0.2123662721
3900	0.2132682401	0.2132682401	0.2118624301
3920	0.2127870642	0.2127870642	0.2113883833
3940	0.2122639133	0.2122639133	0.2108775543
3960	0.21176993	0.21176993	0.2103950284
3980	0.2112799079	0.2112799079	0.2099181395
4000	0.210787026	0.210787026	0.209437532
4020	0.2102937887	0.2102937887	0.208957043
4040	0.2098047614	0.2098047614	0.208473996
4060	0.2093564301	0.2093564301	0.208030976
4080	0.2088797484	0.2088797484	0.207560695
4100	0.20837008	0.20837008	0.2070654032
4120	0.2079150874	0.2079150874	0.2066207489
4140	0.2074281917	0.2074281917	0.2061410652
4160	0.2070192952	0.2070192952	0.2057456985
4180	0.2065549591	0.2065549591	0.2052891546
4200	0.2060759148	0.2060759148	0.2048221895
4220	0.2055963909	0.2055963909	0.2043540401
4240	0.2051418247	0.2051418247	0.2039094095
4260	0.2046634732	0.2046634732	0.2034460444
4280	0.2041791176	0.2041791176	0.2029708134
4300	0.203720679	0.203720679	0.2025248328
4320	0.2032356662	0.2032356662	0.2020505491
4340	0.2027791815	0.2027791815	0.2016025317
4360	0.2023003859	0.2023003859	0.201138314
4380	0.2018257114	0.2018257114	0.2006760147
4400	0.2013872033	0.2013872033	0.2002450264
4420	0.2009739904	0.2009739904	0.1998412991
4440	0.2005065278	0.2005065278	0.1993857736
4460	0.2000256717	0.2000256717	0.1989147111
4480	0.1995475156	0.1995475156	0.1984482196
4500	0.1991168945	0.1991168945	0.1980229038
4520	0.1986700553	0.1986700553	0.1975874274
4540	0.198224655	0.198224655	0.1971566523
4560	0.197778331	0.197778331	0.1967232363
4580	0.1973601265	0.1973601265	0.1963133984
4600	0.1969617992	0.1969617992	0.1959221647
4620	0.1964770529	0.1964770529	0.1954461758
4640	0.1960317592	0.1960317592	0.1950126177
4660	0.1955713843	0.1955713843	0.1945650976
4680	0.1951244918	0.1951244918	0.1941325699
4700	0.1947241751	0.1947241751	0.1937414546
4720	0.1942577962	0.1942577962	0.1932832409
4740	0.1938265888	0.1938265888	0.1928668779
4760	0.1934074784	0.1934074784	0.1924571702
4780	0.192985206	0.192985206	0.1920465389
4800	0.1925324517	0.1925324517	0.1916010793
4820	0.1921284401	0.1921284401	0.1912071693
4840	0.1916778707	0.1916778707	0.1907656059
4860	0.1912444962	0.1912444962	0.1903463296
4880	0.1908235561	0.1908235561	0.1899356035
4900	0.1903706774	0.1903706774	0.1894936256
4920	0.1899797753	0.1899797753	0.1891129671
4940	0.1895540924	0.1895540924	0.1886974922
4960	0.189164185	0.189164185	0.1883157679
4980	0.1887641525	0.1887641525	0.1879227816
5000	0.1883258398	0.1883258398	0.1874927407
5020	0.1878906001	0.1878906001	0.1870678275
5040	0.1874753444	0.1874753444	0.1866631647
5060	0.1870361612	0.1870361612	0.1862326738
5080	0.1866506947	0.1866506947	0.1858553429
5100	0.1862433437	0.1862433437	0.1854635763
5120	0.1857957407	0.1857957407	0.1850277209
5140	0.1854008951	0.1854008951	0.184640857
5160	0.1849988198	0.1849988198	0.1842509497
5180	0.1846095697	0.1846095697	0.1838742701
5200	0.1841711682	0.1841711682	0.1834445135
5220	0.1837695902	0.1837695902	0.1830483415
5240	0.1833730926	0.1833730926	0.1826646277
5260	0.1830009487	0.1830009487	0.1823016497
5280	0.1826279699	0.1826279699	0.1819408862
5300	0.1822575135	0.1822575135	0.1815817215
5320	0.1818789747	0.1818789747	0.1812159842
5340	0.1815078966	0.1815078966	0.1808552207
5360	0.1811293223	0.1811293223	0.1804901585
5380	0.1807245648	0.1807245648	0.1800913694
5400	0.1803475892	0.1803475892	0.1797209426
5420	0.17996683	0.17996683	0.1793485382
5440	0.1795612908	0.1795612908	0.1789551965
5460	0.1791649353	0.1791649353	0.1785667932
5480	0.1787956335	0.1787956335	0.1782105297
5500	0.178398159	0.178398159	0.1778169868
5520	0.1780380764	0.1780380764	0.1774614458
5540	0.1776448828	0.1776448828	0.1770731608
5560	0.1772455431	0.1772455431	0.1766853614
5580	0.1768705748	0.1768705748	0.1763194228
5600	0.176525751	0.176525751	0.17598489
5620	0.1761538558	0.1761538558	0.1756242213
5640	0.1757965976	0.1757965976	0.1752759159
5660	0.1754088929	0.1754088929	0.1748987153
5680	0.1750504801	0.1750504801	0.1745496638
5700	0.1746995102	0.1746995102	0.1742079309
5720	0.1743406711	0.1743406711	0.1738640308
5740	0.1739651344	0.1739651344	0.1734972633
5760	0.1736068104	0.1736068104	0.1731444934
5780	0.1732270282	0.1732270282	0.1727735455
5800	0.1728533566	0.1728533566	0.1724077609
5820	0.1724770738	0.1724770738	0.1720359604
5840	0.1720704333	0.1720704333	0.1716378345
5860	0.1716503281	0.1716503281	0.1712258176
5880	0.1712775802	0.1712775802	0.1708597369
5900	0.1709074258	0.1709074258	0.1704968418
5920	0.1705340917	0.1705340917	0.1701336743
5940	0.1701555885	0.1701555885	0.1697650357
5960	0.1697668713	0.1697668713	0.1693846259
5980	0.1693623624	0.1693623624	0.1689921488
6000	0.1689795782	0.1689795782	0.1686187022
6020	0.1686107915	0.1686107915	0.1682572282
6040	0.1682234776	0.1682234776	0.1678780854
6060	0.1678781565	0.1678781565	0.1675448316
6080	0.1674837905	0.1674837905	0.1671562387
6100	0.1671351831	0.1671351831	0.1668135347
6120	0.1667602504	0.1667602504	0.166446779
6140	0.1664191036	0.1664191036	0.1661147805
6160	0.1660518269	0.1660518269	0.1657513999
6180	0.1656942845	0.1656942845	0.165400501
6200	0.1653604563	0.1653604563	0.1650766736
6220	0.1649980467	0.1649980467	0.1647255024
6240	0.1646512157	0.1646512157	0.1643859129
6260	0.164271398	0.164271398	0.1640113887
6280	0.1638956303	0.1638956303	0.163639079
6300	0.1635621751	0.1635621751	0.1633183187
6320	0.1632271568	0.1632271568	0.1629873741
6340	0.162870769	0.162870769	0.1626355516
6360	0.1625152162	0.1625152162	0.1622915094
6380	0.1621949415	0.1621949415	0.1619763861
6400	0.1618266877	0.1618266877	0.1616158002
6420	0.1615005866	0.1615005866	0.1612969703
6440	0.1611268617	0.1611268617	0.1609346436
6460	0.1607885927	0.1607885927	0.1606047056
6480	0.1604793313	0.1604793313	0.1603025733
6500	0.1601658245	0.1601658245	0.1599961896
6520	0.1597849765	0.1597849765	0.1596233707
6540	0.1594543102	0.1594543102	0.1593031078
6560	0.1591118845	0.1591118845	0.15896835
6580	0.1587696009	0.1587696009	0.1586326567
6600	0.1584218994	0.1584218994	0.1582973541
6620	0.1580947148	0.1580947148	0.1579757531
6640	0.157750939	0.157750939	0.1576411137
6660	0.1573860426	0.1573860426	0.157280741
6680	0.1570327634	0.1570327634	0.1569334895
6700	0.1566901068	0.1566901068	0.156601337
6720	0.1563467929	0.1563467929	0.1562677871
6740	0.1560212958	0.1560212958	0.1559497506
6760	0.1556986941	0.1556986941	0.1556350181
6780	0.1554145324	0.1554145324	0.1553579796
6800	0.1550929433	0.1550929433	0.155044834
6820	0.1547558111	0.1547558111	0.1547093538
6840	0.1544335113	0.1544335113	0.1543945976
6860	0.1540998608	0.1540998608	0.1540657135
6880	0.1537794972	0.1537794972	0.1537512771
6900	0.1534515487	0.1534515487	0.1534288115
6920	0.1531507072	0.1531507072	0.1531332399
6940	0.1528317115	0.1528317115	0.1528231258
6960	0.1524900852	0.1524900852	0.1524848035
6980	0.1521812679	0.1521812679	0.1521799119
7000	0.1518773355	0.1518773355	0.1518814034
7020	0.1515474863	0.1515474863	0.1515586892
7040	0.1512291656	0.1512291656	0.1512445724
7060	0.1508903637	0.1508903637	0.1509092225
7080	0.1505709061	0.1505709061	0.1505906176
7100	0.1502616802	0.1502616802	0.1502877629
7120	0.1499732198	0.1499732198	0.1500059993
7140	0.1496465148	0.1496465148	0.1496851325
7160	0.1493418719	0.1493418719	0.1493850963
7180	0.1490373889	0.1490373889	0.1490855337
7200	0.1487361921	0.1487361921	0.1487894291
7220	0.1484222501	0.1484222501	0.1484810086
7240	0.1481029524	0.1481029524	0.1481644405
7260	0.1477805017	0.1477805017	0.1478494119
7280	0.1474730877	0.1474730877	0.1475468296
7300	0.1471153588	0.1471153588	0.147191786
7320	0.1468148637	0.1468148637	0.1468962616
7340	0.1465105849	0.1465105849	0.1465948162
7360	0.1462019453	0.1462019453	0.1462936549
7380	0.145878109	0.145878109	0.1459737
7400	0.1455754024	0.1455754024	0.1456777257
7420	0.1452752536	0.1452752536	0.1453831961
7440	0.1449672357	0.1449672357	0.1450772506
7460	0.1446789529	0.1446789529	0.144791579
7480	0.1443363763	0.1443363763	0.1444521909
7500	0.1440318311	0.1440318311	0.1441524152
7520	0.1437311139	0.1437311139	0.1438572935
7540	0.1434110701	0.1434110701	0.143540536
7560	0.1431272815	0.1431272815	0.1432615553
7580	0.1428402067	0.1428402067	0.142979626
7600	0.1425429268	0.1425429268	0.1426865648
7620	0.1422682241	0.1422682241	0.1424183488
7640	0.1419630839	0.1419630839	0.1421170692
7660	0.1416757248	0.1416757248	0.1418331029
7680	0.1413748656	0.1413748656	0.1415381115
7700	0.1410753208	0.1410753208	0.1412398635
7720	0.1407913013	0.1407913013	0.1409589999
7740	0.1404749523	0.1404749523	0.1406466003
7760	0.1401808076	0.1401808076	0.1403581577
7780	0.1399158482	0.1399158482	0.140098255
7800	0.1396426555	0.1396426555	0.1398302048
7820	0.1393688944	0.1393688944	0.1395565887
7840	0.1391049475	0.1391049475	0.1392978347
7860	0.1388208214	0.1388208214	0.1390181435
7880	0.1385348123	0.1385348123	0.1387365102
7900	0.1382413427	0.1382413427	0.1384455215
7920	0.1379827426	0.1379827426	0.1381917886
7940	0.137731621	0.137731621	0.1379435269
7960	0.137450639	0.137450639	0.1376663463
7980	0.1371602335	0.1371602335	0.1373774655
8000	0.1368603601	0.1368603601	0.1370829004
8020	0.1365571738	0.1365571738	0.1367827339
8040	0.1362745487	0.1362745487	0.1365044756
8060	0.1359920213	0.1359920213	0.1362255187
8080	0.1357071491	0.1357071491	0.1359470354
8100	0.1354026217	0.1354026217	0.13564604
8120	0.135118913	0.135118913	0.1353664435
8140	0.1348211535	0.1348211535	0.1350712982
8160	0.1345030726	0.1345030726	0.1347555117
8180	0.1342425985	0.1342425985	0.134496805
8200	0.1339524772	0.1339524772	0.1342102217
8220	0.1336726143	0.1336726143	0.1339339884
8240	0.1334059052	0.1334059052	0.1336727831
8260	0.1331516839	0.1331516839	0.1334216436
8280	0.1329000027	0.1329000027	0.1331749806
8300	0.1326157167	0.1326157167	0.1328932526
8320	0.1323548784	0.1323548784	0.1326382052
8340	0.132093525	0.132093525	0.1323791433
8360	0.131836577	0.131836577	0.1321256236
8380	0.1315612971	0.1315612971	0.131853843
8400	0.1312822246	0.1312822246	0.1315758453
8420	0.1310106839	0.1310106839	0.1313072977
8440	0.1307561517	0.1307561517	0.1310544649
8460	0.1304761378	0.1304761378	0.1307779948
8480	0.1302093044	0.1302093044	0.1305130473
8500	0.1299593995	0.1299593995	0.1302665737
8520	0.1297001866	0.1297001866	0.1300118224
8540	0.129472193	0.129472193	0.1297875887
8560	0.1292028638	0.1292028638	0.1295193371
8580	0.1289394143	0.1289394143	0.1292622884
8600	0.1286610791	0.1286610791	0.1289886723
8620	0.1283725121	0.1283725121	0.1287004902
8640	0.1281240195	0.1281240195	0.1284535193
8660	0.1278635809	0.1278635809	0.1281970272
8680	0.1275934079	0.1275934079	0.1279316533
8700	0.1273468604	0.1273468604	0.1276869798
8720	0.1271004727	0.1271004727	0.1274431944
8740	0.1268469352	0.1268469352	0.127192055
8760	0.1265827752	0.1265827752	0.1269318681
8780	0.1263077439	0.1263077439	0.1266625271
8800	0.1260514709	0.1260514709	0.1264076455
8820	0.1258046924	0.1258046924	0.1261644996
8840	0.1255459769	0.1255459769	0.1259076049
8860	0.1252773138	0.1252773138	0.1256394125
8880	0.1250286791	0.1250286791	0.1253937798
8900	0.1247895033	0.1247895033	0.1251558445
8920	0.1245154668	0.1245154668	0.1248839929
8940	0.1242584921	0.1242584921	0.1246300469
8960	0.1239941278	0.1239941278	0.1243688889
8980	0.1237210328	0.1237210328	0.1240978781
9000	0.1234675664	0.1234675664	0.1238475085
9020	0.1232062574	0.1232062574	0.1235891926
9040	0.1229906271	0.1229906271	0.1233771801
9060	0.1227632996	0.1227632996	0.1231522358
9080	0.1225198251	0.1225198251	0.1229087939
9100	0.122280223	0.1222802319	0.1226710244
9120	0.1220239855	0.1220239855	0.1224147336
9140	0.1217714339	0.1217714339	0.1221648495
9160	0.1215475435	0.1215475435	0.1219419658
9180	0.1213266641	0.1213266641	0.1217260453
9200	0.1210750629	0.1210750629	0.1214776296
9220	0.1208131677	0.1208131677	0.1212184611
9240	0.1205685475	0.1205685475	0.1209785719
9260	0.1203269648	0.1203269648	0.1207413945
9280	0.1200738447	0.1200738447	0.1204884314
9300	0.1198346157	0.1198346157	0.1202524146
9320	0.1195765574	0.1195765574	0.1199947027
9340	0.1193331451	0.1193331451	0.1197527055
9360	0.1190863222	0.1190863222	0.1195057938
9380	0.1188517294	0.1188517294	0.1192725481
9400	0.1186167014	0.1186167014	0.1190399182
9420	0.1183742838	0.1183742838	0.1187970447
9440	0.1181463968	0.1181463968	0.1185723136
9460	0.1178956037	0.1178956037	0.1183221097
9480	0.1176789875	0.1176789875	0.1181056445
9500	0.1174468994	0.1174468994	0.1178762475
9520	0.1172003074	0.1172003074	0.1176333859
9540	0.1169691785	0.1169691785	0.1174033494
9560	0.1167514255	0.1167514255	0.1171871921
9580	0.1165076579	0.1165076579	0.1169471963
9600	0.1162572379	0.1162572379	0.1166985911
9620	0.1160203359	0.1160203359	0.1164641019
9640	0.1157924488	0.1157924488	0.1162376774
9660	0.1155615863	0.1155615863	0.1160094173
9680	0.1153326867	0.1153326867	0.1157833598
9700	0.1151127577	0.1151127577	0.1155652249
9720	0.1148698338	0.1148698338	0.115323879
9740	0.1146518765	0.1146518765	0.1151088941
9760	0.1144077181	0.1144077181	0.1148646114
9780	0.1141941128	0.1141941128	0.114652966
9800	0.1139736864	0.1139736864	0.1144354231
9820	0.1137510662	0.1137510662	0.114215275
9840	0.1135271314	0.1135271314	0.1139916452
9860	0.1133049731	0.1133049731	0.1137715208
9880	0.1130824239	0.1130824239	0.1135497739
9900	0.1128588889	0.1128588889	0.1133272573
9920	0.1126237099	0.1126237099	0.1130923773
9940	0.1123784324	0.1123784324	0.1128488525
9960	0.1121605905	0.1121605905	0.112629782
9980	0.1119291596	0.1119291596	0.112397306
10000	0.1116981018	0.1116981018	0.1121647709
10020	0.1114746378	0.1114746378	0.1119434503
10040	0.1112687507	0.1112687507	0.1117400472
10060	0.1110534313	0.1110534313	0.1115253702
10080	0.1108226843	0.1108226843	0.111297264
10100	0.1105896103	0.1105896103	0.111060809
10120	0.1103888302	0.1103888302	0.1108616691
10140	0.1101697626	0.1101697626	0.1106416275
10160	0.1099518497	0.1099518497	0.1104251979
10180	0.1097329776	0.1097329776	0.1102060563
10200	0.10951947	0.10951947	0.1099922556
10220	0.109302463	0.109302463	0.1097745351
10240	0.1090765654	0.1090765654	0.1095487856
10260	0.1088764515	0.1088764515	0.1093484377
10280	0.1086463084	0.1086463084	0.109119846
10300	0.1084362558	0.1084362558	0.1089113626
10320	0.1082333264	0.1082333264	0.108711145
10340	0.1080142233	0.1080142233	0.1084913403
10360	0.1077902975	0.1077902975	0.1082693684
10380	0.1075995626	0.1075995626	0.1080820708
10400	0.1073869077	0.1073869077	0.1078706741
10420	0.1071849108	0.1071849108	0.1076715223
10440	0.1069718917	0.1069718917	0.107457544
10460	0.1067737229	0.1067737229	0.1072613409
10480	0.1065672762	0.1065672762	0.1070563864
10500	0.10636861	0.10636861	0.1068622795
10520	0.1061552712	0.1061552712	0.1066501959
10540	0.1059455294	0.1059455294	0.1064405756
10560	0.1057314179	0.1057314179	0.1062284802
10580	0.1055249446	0.1055249446	0.1060218915
10600	0.1053360216	0.1053360216	0.1058343215
10620	0.1051267861	0.1051267861	0.1056257195
10640	0.1049261659	0.1049261659	0.1054235361
10660	0.1047232542	0.1047232542	0.1052186882
10680	0.1045118161	0.1045118161	0.1050078244
10700	0.1042979888	0.1042979888	0.1047928514
10720	0.1040970044	0.1040970044	0.1045916035
10740	0.103904733	0.103904733	0.1043991308
10760	0.1036980732	0.1036980732	0.104190967
10780	0.1034967425	0.1034967425	0.1039900981
10800	0.1032769022	0.1032769022	0.103771679
10820	0.1030704023	0.1030704023	0.1035649837
10840	0.1028616997	0.1028616997	0.1033571278
10860	0.1026409713	0.1026409713	0.1031366718
10880	0.1024227653	0.1024227653	0.1029191644
10900	0.1022185746	0.1022185746	0.1027165547
10920	0.1020017275	0.1020017275	0.1024981
10940	0.1017951388	0.1017951388	0.1022914521
10960	0.1015950781	0.1015950781	0.1020912819
10980	0.1013957813	0.1013957813	0.101892367
11000	0.1011982075	0.1011982075	0.1016940205
11020	0.1009913079	0.1009913079	0.1014882725
11040	0.1007934588	0.1007934588	0.1012902813
11060	0.1006044115	0.1006044115	0.1011016336
11080	0.100414325	0.100414325	0.1009127491
11100	0.100205276	0.100205276	0.1007041828
11120	0.1000004281	0.1000004281	0.1004998677
11140	0.09980039408	0.09980039408	0.1003015568
11160	0.09958972864	0.09958972864	0.1000913917
11180	0.09939187064	0.09939187064	0.0998926307
11200	0.09919117938	0.09919117938	0.09969057757
11220	0.09900781634	0.09900781634	0.09950788659
11240	0.09881015373	0.09881015373	0.09931025655
11260	0.09860253473	0.09860253473	0.09910560996
11280	0.09840590241	0.09840590241	0.09891054378
11300	0.09820776019	0.09820776019	0.09871241637
11320	0.0980041646	0.0980041646	0.09850835597
11340	0.09783979067	0.09783979067	0.09834385473
11360	0.09763349504	0.09763349504	0.0981396167
11380	0.09744838231	0.09744838231	0.09795355066
11400	0.09726124454	0.09726124454	0.09776696356
11420	0.09706924847	0.09706924847	0.09757592968
11440	0.09687711918	0.09687711918	0.09738577805
11460	0.09668136614	0.09668136614	0.09719062305
11480	0.09649542741	0.09649542741	0.09700569387
11500	0.09629516246	0.09629516246	0.09680521576
11520	0.09611814985	0.09611814985	0.09662872421
11540	0.09591358616	0.09591358616	0.09642308287
11560	0.09573595182	0.09573595182	0.09624463734
11580	0.09553376843	0.09553376843	0.09604399344
11600	0.09533696735	0.09533696735	0.09584705618
11620	0.09514275974	0.09514275974	0.09565278935
11640	0.09494269019	0.09494269019	0.09545259546
11660	0.09473973409	0.09473973409	0.09524922191
11680	0.09454149417	0.09454149417	0.09505003462
11700	0.09435603505	0.09435603505	0.09486457845
11720	0.09416490051	0.09416490051	0.09467397682
11740	0.09399376759	0.09399376759	0.09450307483
11760	0.09383164074	0.09383164074	0.09434149864
11780	0.09364136772	0.09364136772	0.09415143583
11800	0.09346882262	0.09346882262	0.0939785917
11820	0.09329383504	0.09329383504	0.09380397715
11840	0.09311319869	0.09311319869	0.09362184275
11860	0.09294723493	0.09294723493	0.09345580794
11880	0.09276967165	0.09276967165	0.09327710188
11900	0.09259825452	0.09259825452	0.09310456566
11920	0.09240537917	0.09240537917	0.09291176727
11940	0.09221108273	0.09221108273	0.09271475896
11960	0.09203537573	0.09203537573	0.09253875886
11980	0.09185833648	0.09185833648	0.09236270548
12000	0.09166847202	0.09166847202	0.09217317557
12020	0.09147509041	0.09147509041	0.09198039495
12040	0.09128333415	0.09128333415	0.0917880821
12060	0.09111603813	0.09111603813	0.09161905711
12080	0.0909407841	0.0909407841	0.0914429682
12100	0.09077509568	0.09077509568	0.09127579653
12120	0.09060593451	0.09060593451	0.0911076005
12140	0.0904386829	0.0904386829	0.09093914395
12160	0.09024585195	0.09024585195	0.09074608503
12180	0.09006183167	0.09006183167	0.09056279009
12200	0.08987267775	0.08987267775	0.0903721174
12220	0.08971489406	0.08971489406	0.09021508865
12240	0.08954157624	0.08954157624	0.090040782
12260	0.08937086965	0.08937086965	0.08986845301
12280	0.08919606858	0.08919606858	0.0896916358
12300	0.08902353236	0.08902353236	0.08951856075
12320	0.08887020728	0.08887020728	0.08936350966
12340	0.08869278611	0.08869278611	0.08918427662
12360	0.08852479733	0.08852479733	0.08901748983
12380	0.08835477463	0.08835477463	0.08884764772
12400	0.08819831431	0.08819831431	0.08869119925
12420	0.08804018423	0.08804018423	0.0885329389
12440	0.0878601163	0.0878601163	0.08835287098
12460	0.08768658533	0.08768658533	0.08817839854
12480	0.08752727398	0.08752727398	0.08801776381
12500	0.08734225006	0.08734225006	0.08783221883
12520	0.0871790574	0.0871790574	0.0876671018
12540	0.08701512755	0.08701512755	0.08750263609
12560	0.08684370154	0.08684370154	0.08733034263
12580	0.08668883993	0.08668883993	0.08717491259
12600	0.08651410104	0.08651410104	0.08699984804
12620	0.08634233752	0.08634233752	0.08682747168
12640	0.08617722641	0.08617722641	0.0866620586
12660	0.08601608543	0.08601608543	0.08650179098
12680	0.08585073451	0.08585073451	0.08633467852
12700	0.08567989469	0.08567989469	0.08616472984
12720	0.08552661403	0.08552661403	0.08601209458
12740	0.08536213352	0.08536213352	0.0858452012
12760	0.08519550363	0.08519550363	0.08567760321
12780	0.08503767553	0.08503767553	0.08551834811
12800	0.08488022934	0.08488022934	0.08536079238
12820	0.08472358251	0.08472358251	0.08520460443
12840	0.08457551541	0.08457551541	0.08505719162
12860	0.0844150672	0.0844150672	0.08489706019
12880	0.0842585003	0.0842585003	0.08474076567
12900	0.08409711951	0.08409711951	0.08457836052
12920	0.08393279887	0.08393279887	0.08441190531
12940	0.08377847905	0.08377847905	0.08425781345
12960	0.08362888429	0.08362888429	0.08410766507
12980	0.08347507961	0.08347507961	0.08395341926
13000	0.08331742914	0.08331742914	0.08379517075
13020	0.08314658044	0.08314658044	0.08362344572
13040	0.08296594409	0.08296594409	0.08344402321
13060	0.08280209418	0.08280209418	0.08327795879
13080	0.08265568796	0.08265568796	0.08312953939
13100	0.08248880939	0.08248880939	0.08296282365
13120	0.08233430305	0.08233430305	0.08280811598
13140	0.08217410353	0.08217410353	0.08264717928
13160	0.08201838927	0.08201838927	0.08248979526
13180	0.08187160114	0.08187160114	0.08234297457
13200	0.08173109239	0.08173109239	0.08220200396
13220	0.08158995303	0.08158995303	0.08206057151
13240	0.08143264895	0.08143264895	0.08190404013
13260	0.08126757336	0.08126757336	0.08173817112
13280	0.0811073472	0.0811073472	0.08157666006
13300	0.08095683763	0.08095683763	0.08142500771
13320	0.08080495139	0.08080495139	0.08127141915
13340	0.08065923795	0.08065923795	0.0811254511
13360	0.08048743003	0.08048743003	0.08095216881
13380	0.080326067	0.080326067	0.08078962747
13400	0.08017167612	0.08017167612	0.08063353426
13420	0.08002727717	0.08002727717	0.08048890439
13440	0.0798673441	0.0798673441	0.08032892099
13460	0.07972833636	0.07972833636	0.08018893922
13480	0.07957730277	0.07957730277	0.08003682502
13500	0.07943342784	0.07943342784	0.07989132474
13520	0.07929803495	0.07929803495	0.07975532197
13540	0.07914039336	0.07914039336	0.07959715044
13560	0.07899688259	0.07899688259	0.0794524732
13580	0.07884955267	0.07884955267	0.07930491828
13600	0.0787033685	0.0787033685	0.0791589976
13620	0.07856738054	0.07856738054	0.07902271654
13640	0.0784133094	0.0784133094	0.07886640425
13660	0.07826365248	0.07826365248	0.07871600718
13680	0.07812773557	0.07812773557	0.07858108799
13700	0.07797715495	0.07797715495	0.07842917511
13720	0.07783461228	0.07783461228	0.07828637487
13740	0.07768440469	0.07768440469	0.07813639228
13760	0.07753777643	0.07753777643	0.07798820972
13780	0.07739980784	0.07739980784	0.07784889704
13800	0.07725281543	0.07725281543	0.07769935854
13820	0.07709668374	0.07709668374	0.07754141793
13840	0.07696427511	0.07696427511	0.07740861258
13860	0.07680520356	0.07680520356	0.07724839826
13880	0.07665776707	0.07665776707	0.07710102098
13900	0.07651847511	0.07651847511	0.07696232409
13920	0.07636435956	0.07636435956	0.07680713682
13940	0.07623361181	0.07623361181	0.07667566965
13960	0.07609336063	0.07609336063	0.07653444443
13980	0.07595707068	0.07595707068	0.07639570018
14000	0.07581759221	0.07581759221	0.07625525063
14020	0.07569380772	0.07569380772	0.07613117305
14040	0.07555495985	0.07555495985	0.07599258275
14060	0.07540199893	0.07540199893	0.07583872773
14080	0.07526167669	0.07526167669	0.07569743739
14100	0.0751233706	0.0751233706	0.0755582076
14120	0.0749903136	0.0749903136	0.07542557988
14140	0.07484391627	0.07484391627	0.07527814931
14160	0.0746996239	0.0746996239	0.07513279706
14180	0.07456543892	0.07456543892	0.07499726206
14200	0.07444435004	0.07444435004	0.07487506149
14220	0.07429779728	0.07429779728	0.07472721051
14240	0.07415819002	0.07415819002	0.0745853991
14260	0.07401955974	0.07401955974	0.07444516272
14280	0.0738812803	0.0738812803	0.07430538818
14300	0.07374407554	0.07374407554	0.07416831961
14320	0.0736021013	0.0736021013	0.07402477331
14340	0.07345531317	0.07345531317	0.07387707036
14360	0.07332255371	0.07332255371	0.07374343606
14380	0.07317968242	0.07317968242	0.07359999041
14400	0.07302249824	0.07302249824	0.07344184849
14420	0.07290427371	0.07290427371	0.07332321244
14440	0.07275804069	0.07275804069	0.07317527857
14460	0.07262011207	0.07262011207	0.07303669418
14480	0.07249325895	0.07249325895	0.07290954945
14500	0.07235903401	0.07235903401	0.07277499737
14520	0.07222853495	0.07222853495	0.07264270716
14540	0.07208981586	0.07208981586	0.07250296815
14560	0.07195318397	0.07195318397	0.07236663972
14580	0.07182364414	0.07182364414	0.07223732785
14600	0.07169671553	0.07169671553	0.07211008838
14620	0.07158157295	0.07158157295	0.07199411092
14640	0.07145259267	0.07145259267	0.07186475168
14660	0.07132608149	0.07132608149	0.07173653522
14680	0.0712081545	0.0712081545	0.07161900051
14700	0.07110180039	0.07110180039	0.07151116463
14720	0.07097803367	0.07097803367	0.07138724692
14740	0.07084490562	0.07084490562	0.07125290799
14760	0.07070620873	0.07070620873	0.07111258871
14780	0.07057165961	0.07057165961	0.07097678135
14800	0.07043728812	0.07043728812	0.07084129372
14820	0.07030261909	0.07030261909	0.07070624426
14840	0.07017350114	0.07017350114	0.07057722252
14860	0.07004394354	0.07004394354	0.0704475317
14880	0.06991894226	0.06991894226	0.07032273174
14900	0.0697950956	0.0697950956	0.07019798507
14920	0.06966600429	0.06966600429	0.07006660672
14940	0.06953426179	0.06953426179	0.06993482573
14960	0.06941392785	0.06941392785	0.06981280278
14980	0.06927869484	0.06927869484	0.06967660462
15000	0.06916267297	0.06916267297	0.06955885674
15020	0.06904087355	0.06904087355	0.06943740223
15040	0.06892694333	0.06892694333	0.06932289914
15060	0.06880924283	0.06880924283	0.06920445257
15080	0.06867639011	0.06867639011	0.06907155248
15100	0.06855176186	0.06855176186	0.06894508276
15120	0.06843256923	0.06843256923	0.06882411378
15140	0.06831701809	0.06831701809	0.06870660275
15160	0.06819262965	0.06819262965	0.06858135278
15180	0.06806955127	0.06806955127	0.06845774889
15200	0.06795917373	0.06795917373	0.06834713007
15220	0.06783195647	0.06783195647	0.06821910309
15240	0.0677086738	0.0677086738	0.06809472945
15260	0.06758783805	0.06758783805	0.06797215584
15280	0.06746785938	0.06746785938	0.067851702
15300	0.06734575798	0.06734575798	0.06772973235
15320	0.06723004698	0.06723004698	0.06761357134
15340	0.0671165564	0.0671165564	0.06749973142
15360	0.06701015344	0.06701015344	0.0673921087
15380	0.06687909483	0.06687909483	0.06726043429
15400	0.06677399303	0.06677399303	0.06715470633
15420	0.0666593434	0.0666593434	0.06703952231
15440	0.06654404983	0.06654404983	0.06692347972
15460	0.06642588748	0.06642588748	0.06680421011
15480	0.06631634926	0.06631634926	0.06669347879
15500	0.06620136656	0.06620136656	0.06657777963
15520	0.06608808027	0.06608808027	0.06646250087
15540	0.0659793947	0.0659793947	0.06635359918
15560	0.06585744873	0.06585744873	0.06623008411
15580	0.06575121008	0.06575121008	0.06612371667
15600	0.06563660485	0.06563660485	0.06600767409
15620	0.06551099962	0.06551099962	0.06588256031
15640	0.06540257162	0.06540257162	0.06577361717
15660	0.06530866079	0.06530866079	0.06567843478
15680	0.06520156949	0.06520156949	0.06557070547
15700	0.06510345317	0.06510345317	0.06547188157
15720	0.06498824842	0.06498824842	0.06535547188
15740	0.06488710343	0.06488710343	0.06525444531
15760	0.06476598791	0.06476598791	0.06513160525
15780	0.06466101934	0.06466101934	0.06502538584
15800	0.06455355501	0.06455355501	0.06491534729
15820	0.06444085047	0.06444085047	0.06480180935
15840	0.06433315965	0.06433315965	0.06469320372
15860	0.06422398115	0.06422398115	0.06458283359
15880	0.06410706668	0.06410706668	0.06446439886
15900	0.06401090433	0.06401090433	0.06436843487
15920	0.06389876378	0.06389876378	0.0642565134
15940	0.06377844316	0.06377844316	0.06413610693
15960	0.06366527233	0.06366527233	0.06402091699
15980	0.06354913945	0.06354913945	0.06390386188
16000	0.06342378734	0.06342378734	0.06377794875
16020	0.06330792535	0.06330792535	0.06366079299
16040	0.06321621274	0.06321621274	0.0635675172
16060	0.06311286509	0.06311286509	0.06346369585
16080	0.0630069595	0.0630069595	0.06335670077
16100	0.06289927757	0.06289927757	0.06324935043
16120	0.06279831021	0.06279831021	0.06314728766
16140	0.062687946	0.062687946	0.0630352004
16160	0.06257450872	0.06257450872	0.06292106442
16180	0.06245871778	0.06245871778	0.06280502775
16200	0.06235118684	0.06235118684	0.06269700832
16220	0.06224479276	0.06224479276	0.06258975271
16240	0.0621423688	0.0621423688	0.06248680177
16260	0.06201588428	0.06201588428	0.06235951493
16280	0.06190328187	0.06190328187	0.062246652
16300	0.06179879292	0.06179879292	0.0621425938
16320	0.06169183485	0.06169183485	0.06203499477
16340	0.06158573386	0.06158573386	0.06192880497
16360	0.06148514842	0.06148514842	0.06182815735
16380	0.06138516694	0.06138516694	0.06172848673
16400	0.06127645028	0.06127645028	0.06161882714
16420	0.06116260888	0.06116260888	0.06150399838
16440	0.06104983773	0.06104983773	0.06139006964
16460	0.06095250744	0.06095250744	0.06129287406
16480	0.06084166361	0.06084166361	0.06118113614
16500	0.06073038903	0.06073038903	0.06106953441
16520	0.0606188169	0.0606188169	0.06095697938
16540	0.06051676598	0.06051676598	0.06085385081
16560	0.06040689471	0.06040689471	0.0607422254
16580	0.06030076263	0.06030076263	0.06063604151
16600	0.06020251753	0.06020251753	0.06053654852
16620	0.06009928089	0.06009928089	0.06043294626
16640	0.05999659937	0.05999659937	0.06032997164
16660	0.05990403856	0.05990403856	0.06023632282
16680	0.05979633442	0.05979633442	0.06012700665
16700	0.05969370175	0.05969370175	0.06002355242
16720	0.05959618494	0.05959618494	0.05992526142
16740	0.05948982638	0.05948982638	0.0598185624
16760	0.05939456109	0.05939456109	0.05972211288
16780	0.05928635514	0.05928635514	0.05961276711
16800	0.05918768371	0.05918768371	0.05951387215
16820	0.05909228963	0.05909228963	0.05941754105
16840	0.05899596742	0.05899596742	0.05932106785
16860	0.05889463147	0.05889463147	0.05921901693
16880	0.05879522286	0.05879522286	0.05911922196
16900	0.05868832696	0.05868832696	0.05901085317
16920	0.05858362484	0.05858362484	0.05890487061
16940	0.05848617021	0.05848617021	0.05880708883
16960	0.05838219639	0.05838219639	0.05870223721
16980	0.05828821895	0.05828821895	0.05860851733
17000	0.05818905458	0.05818905458	0.0585092079
17020	0.05809048529	0.05809048529	0.05840986886
17040	0.0579975026	0.0579975026	0.0583159003
17060	0.05789561599	0.05789561599	0.05821275396
17080	0.05778773422	0.05778773422	0.05810414833
17100	0.05770032481	0.05770032481	0.05801674632
17120	0.05761619275	0.05761619275	0.05793218054
17140	0.05752331664	0.05752331664	0.05783822974
17160	0.05743672878	0.05743672878	0.05775108826
17180	0.05734874206	0.05734874206	0.0576620757
17200	0.05726697253	0.05726697253	0.05757936323
17220	0.05716639153	0.05716639153	0.0574772827
17240	0.057076513	0.057076513	0.05738722802
17260	0.05698748268	0.05698748268	0.05729597726
17280	0.05689033446	0.05689033446	0.05719730139
17300	0.05678892302	0.05678892302	0.0570951202
17320	0.05670309899	0.05670309899	0.05700894386
17340	0.05662157372	0.05662157372	0.0569266518
17360	0.056520784	0.056520784	0.05682580879
17380	0.05641352395	0.05641352395	0.05671669394
17400	0.0563253285	0.0563253285	0.05662826165
17420	0.05622225618	0.05622225618	0.05652450544
17440	0.05613647212	0.05613647212	0.05643800936
17460	0.05604654918	0.05604654918	0.05634710203
17480	0.05595884223	0.05595884223	0.05625821381
17500	0.05587125518	0.05587125518	0.0561686565
17520	0.05577891642	0.05577891642	0.05607560572
17540	0.05569823935	0.05569823935	0.05599422551
17560	0.05560097567	0.05560097567	0.05589630162
17580	0.05551211853	0.05551211853	0.05580661405
17600	0.05543451454	0.05543451454	0.05572792204
17620	0.05535108857	0.05535108857	0.05564486615
17640	0.05526876838	0.05526876838	0.05556173328
17660	0.05517565691	0.05517565691	0.05546811407
17680	0.05507423658	0.05507423658	0.05536497366
17700	0.05498305244	0.05498305244	0.05527279328
17720	0.05489910246	0.05489910246	0.05518748143
17740	0.05481635594	0.05481635594	0.05510276762
17760	0.05472995461	0.05472995461	0.05501626562
17780	0.05464204782	0.05464204782	0.05492819452
17800	0.05454940707	0.05454940707	0.0548345457
17820	0.05445515429	0.05445515429	0.05473938107
17840	0.05437427738	0.05437427738	0.05465826731
17860	0.05428747637	0.05428747637	0.05457077056
17880	0.05420401044	0.05420401044	0.05448526923
17900	0.05412121507	0.05412121507	0.05440150281
17920	0.05405032565	0.05405032565	0.05433093461
17940	0.05396276525	0.05396276525	0.05424278653
17960	0.05388048059	0.05388048059	0.05415954708
17980	0.05378788869	0.05378788869	0.05406556668
18000	0.05370110544	0.05370110544	0.05397805217
18020	0.05361572106	0.05361572106	0.05389212452
18040	0.05352810736	0.05352810736	0.05380433763
18060	0.05344950861	0.05344950861	0.05372504167
18080	0.053369773	0.053369773	0.05364546149
18100	0.05329937652	0.05329937652	0.05357500579
18120	0.05320732641	0.05320732641	0.05348200237
18140	0.05312462874	0.05312462874	0.05339966886
18160	0.05304072317	0.05304072317	0.05331454649
18180	0.05296300815	0.05296300815	0.05323650581
18200	0.05286746308	0.05286746308	0.05313966549
18220	0.0527887089	0.0527887089	0.05306010899
18240	0.05269766687	0.05269766687	0.05296754374
18260	0.05261340602	0.05261340602	0.05288201281
18280	0.05252563246	0.05252563246	0.05279369895
18300	0.05243878259	0.05243878259	0.05270649233
18320	0.05235127992	0.05235127992	0.0526181607
18340	0.05227601181	0.05227601181	0.052542749
18360	0.05219580547	0.05219580547	0.05246174183
18380	0.05211866332	0.05211866332	0.05238479064
18400	0.05202868709	0.05202868709	0.05229411423
18420	0.05194650901	0.05194650901	0.05221152019
18440	0.05186556104	0.05186556104	0.05212918075
18460	0.05178238377	0.05178238377	0.05204536103
18480	0.05170073859	0.05170073859	0.05196295055
18500	0.05161870706	0.05161870706	0.05188042756
18520	0.05153899365	0.05153899365	0.05180020197
18540	0.05146733152	0.05146733152	0.05172744887
18560	0.05138848408	0.05138848408	0.05164804633
18580	0.05130635929	0.05130635929	0.0515653161
18600	0.05123284976	0.05123284976	0.05149097613
18620	0.05114587999	0.05114587999	0.05140363925
18640	0.05106151257	0.05106151257	0.05131912083
18660	0.05098041805	0.05098041805	0.05123758668
18680	0.05089804013	0.05089804013	0.05115434723
18700	0.05081946803	0.05081946803	0.05107579141
18720	0.05074332951	0.05074332951	0.05099923693
18740	0.0506705394	0.0506705394	0.05092605159
18760	0.05058622527	0.05058622527	0.05084174041
18780	0.05049976176	0.05049976176	0.05075501341
18800	0.05042612344	0.05042612344	0.05068185767
18820	0.05034656103	0.05034656103	0.05060226565
18840	0.05026913466	0.05026913466	0.05052365061
18860	0.0501806328	0.0501806328	0.05043474463
18880	0.05011167959	0.05011167959	0.05036527777
18900	0.05003622497	0.05003622497	0.05028904895
18920	0.04996541992	0.04996541992	0.05021847483
18940	0.04988272226	0.04988272226	0.05013464327
18960	0.04981512796	0.04981512796	0.05006662116
18980	0.04973848318	0.04973848318	0.049989818
19000	0.04966413434	0.04966413434	0.04991542474
19020	0.04958947907	0.04958947907	0.04984030318
19040	0.04951087588	0.04951087588	0.04976090656
19060	0.04943833446	0.04943833446	0.04968769753
19080	0.04936317293	0.04936317293	0.04961283946
19100	0.0492873808	0.0492873808	0.04953664914
19120	0.04920574006	0.04920574006	0.04945409062
19140	0.04913753736	0.04913753736	0.04938548824
19160	0.04906615944	0.04906615944	0.04931339831
19180	0.04898569997	0.04898569997	0.0492324533
19200	0.04891669348	0.04891669348	0.04916255123
19220	0.04884743385	0.04884743385	0.04909331825
19240	0.04877299619	0.04877299619	0.04901881249
19260	0.04870065016	0.04870065016	0.04894595873
19280	0.04862646563	0.04862646563	0.04887121613
19300	0.0485573259	0.0485573259	0.04880118971
19320	0.04848345223	0.04848345223	0.04872614513
19340	0.0484148232	0.0484148232	0.04865740064
19360	0.04834376947	0.04834376947	0.04858545282
19380	0.04827280011	0.04827280011	0.04851388395
19400	0.04819778513	0.04819778513	0.04843926272
19420	0.04812764178	0.04812764178	0.04836863828
19440	0.04805188962	0.04805188962	0.04829186472
19460	0.04799065906	0.04799065906	0.04823034403
19480	0.04790944465	0.04790944465	0.04814822072
19500	0.04783355926	0.04783355926	0.048071684
19520	0.04776914017	0.04776914017	0.04800610141
19540	0.0476962568	0.0476962568	0.04793296343
19560	0.04762560275	0.04762560275	0.04786227977
19580	0.04755462451	0.04755462451	0.04779144512
19600	0.04748354857	0.04748354857	0.04771992954
19620	0.04741266359	0.04741266359	0.04764798171
19640	0.04734160542	0.04734160542	0.04757641876
19660	0.04726391705	0.04726391705	0.04749774748
19680	0.04719644709	0.04719644709	0.04742914214
19700	0.04712816445	0.04712816445	0.04736015489
19720	0.04706534851	0.04706534851	0.04729693483
19740	0.04700040096	0.04700040096	0.04723108578
19760	0.04693372147	0.04693372147	0.04716352552
19780	0.04686871619	0.04686871619	0.04709793997
19800	0.04680400844	0.04680400844	0.04703346759
19820	0.04672703948	0.04672703948	0.04695665258
19840	0.04665630549	0.04665630549	0.0468854745
19860	0.04658773864	0.04658773864	0.04681609053
19880	0.04652602403	0.04652602403	0.04675420865
19900	0.04644785161	0.04644785161	0.04667601698
19920	0.04637821451	0.04637821451	0.04660528595
19940	0.04629974898	0.04629974898	0.04652606992
19960	0.04624648977	0.04624648977	0.04647240955
19980	0.04617584015	0.04617584015	0.04640111009
19999	0.0461093383	0.0461093383	0.04633451794
